Metric,Value
Mean Loss,2951758.481218544
VaR 95%,3244669.5634176754
VaR 99%,3363435.3063154942
ES 95%,3323884.776335728
ES 99%,3434720.5302717006
Worst Case Loss,3627273.30368042
